{"openapi":"3.0.0","paths":{"/signup":{"post":{"operationId":"signup","summary":"User Signup.","description":"Sign up new user. ","parameters":[],"requestBody":{"required":true,"content":{"application/json":{"schema":{"$ref":"#/components/schemas/SignupCmd"}}}},"responses":{"201":{"description":""}},"tags":["User"]}},"/login":{"post":{"operationId":"login","summary":"Login.","description":"Logged in user","parameters":[],"requestBody":{"required":true,"content":{"application/json":{"schema":{"$ref":"#/components/schemas/LoginCmd"}}}},"responses":{"201":{"description":""}},"tags":["User"]}},"/forgot-password":{"post":{"operationId":"forgotPassword","summary":"Forgot password.","description":"Forgot password","parameters":[],"responses":{"201":{"description":""}},"tags":["User"]}},"/reset-password":{"post":{"operationId":"resetPassword","summary":"Reset password.","description":"Reset User password","parameters":[],"responses":{"201":{"description":""}},"tags":["User"]}},"/logout":{"post":{"operationId":"logout","summary":"Logout.","description":"Logs out user","parameters":[],"responses":{"201":{"description":""}},"tags":["User"]}},"/contact":{"post":{"operationId":"contactSupport","summary":"User Contacts.","description":"Add a user contact","parameters":[],"requestBody":{"required":true,"content":{"application/json":{"schema":{"$ref":"#/components/schemas/ContactCmd"}}}},"responses":{"201":{"description":""}},"tags":["User"]}},"/get-statelist":{"get":{"operationId":"getStateList","summary":"State List.","description":"show list of users","parameters":[{"name":"country_id","required":true,"in":"query","schema":{"type":"string"}}],"responses":{"200":{"description":""}},"tags":["User"]}},"/get-all-states":{"get":{"operationId":"getAllStates","summary":"State List.","description":"show list of users","parameters":[],"responses":{"200":{"description":""}},"tags":["User"]}},"/articles":{"get":{"operationId":"getArticlesList","summary":"Articles Lists.","description":"Show all articles","parameters":[{"name":"page","required":true,"in":"query","schema":{"type":"number"}}],"responses":{"200":{"description":""}},"tags":["User"]}},"/send-feedback":{"post":{"operationId":"sendFeedback","summary":"Send Feedback.","description":"A user can send feedback for the app","parameters":[],"responses":{"201":{"description":""}},"tags":["User"]}},"/change-password":{"post":{"operationId":"changePassword","summary":"Change user password.","description":"Change user password","parameters":[],"responses":{"201":{"description":""}},"tags":["User"]}},"/faqs":{"get":{"operationId":"getFAQ","summary":"FAQ's.","description":"FAQ Text","parameters":[],"responses":{"200":{"description":""}},"tags":["User"]}},"/videos":{"get":{"operationId":"videos","summary":"Videos Lists.","description":"Get all videos.","parameters":[],"responses":{"200":{"description":""}},"tags":["User"]}},"/video-details":{"get":{"operationId":"video-details","summary":"Video Detail.","description":"Get video information.","parameters":[{"name":"video_id","required":true,"in":"query","schema":{"type":"string"}}],"responses":{"200":{"description":""}},"tags":["User"]}},"/mark-favourite-video":{"post":{"operationId":"mark-favourite-video","summary":"Mark video as favorite.","description":"Mark video as favorite.","parameters":[],"requestBody":{"required":true,"content":{"application/json":{"schema":{"$ref":"#/components/schemas/MarkFavouriteVideoCmd"}}}},"responses":{"201":{"description":""}},"tags":["User"]}},"/add-video-comment":{"post":{"operationId":"add-video-comment","summary":"Video Comment.","description":"Add comment to video.","parameters":[],"requestBody":{"required":true,"content":{"application/json":{"schema":{"$ref":"#/components/schemas/AddVideoCommentCmd"}}}},"responses":{"201":{"description":""}},"tags":["User"]}},"/intro-videos":{"get":{"operationId":"intro-videos","summary":"Intro Videos.","description":"Get video intro.","parameters":[],"responses":{"200":{"description":""}},"tags":["User"]}},"/post-community-question":{"post":{"operationId":"post-community-question","summary":"Create community question.","description":"Create community question.","parameters":[],"requestBody":{"required":true,"content":{"application/json":{"schema":{"$ref":"#/components/schemas/CommunityQuestionCmd"}}}},"responses":{"201":{"description":""}},"tags":["User"]}},"/mark-favourite-community-question":{"post":{"operationId":"mark-favourite-community-question","summary":"Favourite community question.","description":"Make favourite community question.","parameters":[],"requestBody":{"required":true,"content":{"application/json":{"schema":{"$ref":"#/components/schemas/MarkFavouriteCommunityQuestionCmd"}}}},"responses":{"201":{"description":""}},"tags":["User"]}},"/mark-public-entry":{"post":{"operationId":"mark-public-entry","summary":"Public entry.","description":"Mark public entry","parameters":[],"requestBody":{"required":true,"content":{"application/json":{"schema":{"$ref":"#/components/schemas/MarkPublicEntryCmd"}}}},"responses":{"201":{"description":""}},"tags":["User"]}},"/mark-favourite-entry":{"post":{"operationId":"mark-favourite-entry","summary":"Create favourite entry.","description":"Create favourite entry.","parameters":[],"requestBody":{"required":true,"content":{"application/json":{"schema":{"$ref":"#/components/schemas/MarkFavouriteEntryCmd"}}}},"responses":{"201":{"description":""}},"tags":["User"]}},"/review-entry":{"post":{"operationId":"review-entry","summary":"Review Entry.","description":"Create new review entry.","parameters":[],"requestBody":{"required":true,"content":{"application/json":{"schema":{"$ref":"#/components/schemas/ReviewEntryCmd"}}}},"responses":{"201":{"description":""}},"tags":["User"]}},"/community-info":{"get":{"operationId":"community-info","summary":"Community info.","description":"Get community info.","parameters":[],"responses":{"200":{"description":""}},"tags":["User"]}},"/product-types":{"get":{"operationId":"product-types","summary":"Product Types.","description":"Get Product Types.","parameters":[{"name":"parent_id","required":true,"in":"query","schema":{"type":"number"}}],"responses":{"200":{"description":""}},"tags":["User"]}},"/upload-coa":{"post":{"operationId":"upload-coa","summary":"Create coa.","description":"Upload one coa.","parameters":[],"responses":{"201":{"description":""}},"tags":["User"]}},"/get-coa-info":{"get":{"operationId":"getCoaInfo","summary":"Get Coa Information","description":"Show Coa-info Details","parameters":[],"responses":{"200":{"description":""}},"tags":["User"]}},"/profile-view":{"get":{"operationId":"profile-view","summary":"Get User Profile View","description":"User Profile View","parameters":[],"responses":{"200":{"description":""}},"tags":["User"]}},"/get-content/{slug}":{"get":{"operationId":"/get-content/:slug","summary":"Get one content.","description":"Get content by slug.","parameters":[{"name":"slug","required":true,"in":"path","schema":{"type":"string"}}],"responses":{"200":{"description":""}},"tags":["User"]}},"/get-settings":{"get":{"operationId":"get-settings","summary":"Get settings.","description":"Get settings.","parameters":[],"responses":{"200":{"description":""}},"tags":["User"]}},"/update-settings":{"post":{"operationId":"update-settings","summary":"Update settings.","description":"Update settings.","parameters":[],"requestBody":{"required":true,"content":{"application/json":{"schema":{"$ref":"#/components/schemas/UpdateSettingsCmd"}}}},"responses":{"201":{"description":""}},"tags":["User"]}},"/profile-update":{"post":{"operationId":"profile-update","summary":"Update user profile","description":"User profile updated","parameters":[],"responses":{"201":{"description":""}},"tags":["User"]}},"/save-complete-entry":{"post":{"operationId":"save-complete-entry","summary":"Save complete entry.","description":"Save complete entry.","parameters":[],"responses":{"201":{"description":""}},"tags":["User"]}},"/compositions":{"get":{"operationId":"compositions","summary":"Compositions.","description":"Get compositions.","parameters":[{"name":"type","required":true,"in":"query","schema":{"type":"number"}}],"responses":{"200":{"description":""}},"tags":["User"]}},"/create-product":{"post":{"operationId":"create-product","summary":"Create product.","description":"Create product.","parameters":[],"requestBody":{"required":true,"content":{"application/json":{"schema":{"$ref":"#/components/schemas/CreateProductCmd"}}}},"responses":{"201":{"description":""}},"tags":["User"]}},"/incomplete-diary-entries":{"get":{"operationId":"incomplete-diary-entries","summary":"Get incomplete diary entries.","description":"Get incomplete diary entries.","parameters":[{"name":"start_date","required":true,"in":"query","schema":{"format":"date-time","type":"string"}}],"responses":{"200":{"description":""}},"tags":["User"]}},"/dashboard":{"get":{"operationId":"dashboard","summary":"Get Dashboard.","description":"Get Dashboard.","parameters":[],"responses":{"200":{"description":""}},"tags":["User"]}},"/update-entry-notify-flag":{"post":{"operationId":"update-entry-notify-flag","summary":"Update Entry Notify Flag.","description":"Update Entry Notify Flag.","parameters":[],"responses":{"201":{"description":""}},"tags":["User"]}},"/create-entry":{"post":{"operationId":"create-entry","summary":"Create entry","description":"Create entry.","parameters":[],"responses":{"201":{"description":""}},"tags":["User"]}},"/add-entry-comment":{"post":{"operationId":"add-entry-comment","summary":"Add Entry Comment.","description":"Add Entry Comment.","parameters":[],"requestBody":{"required":true,"content":{"application/json":{"schema":{"$ref":"#/components/schemas/AddEntryCommentCmd"}}}},"responses":{"201":{"description":""}},"tags":["User"]}},"/get-banner-advertisements":{"get":{"operationId":"get-banner-advertisements","summary":"Get Banner Advertisements","description":"Banner Advertisements","parameters":[],"responses":{"200":{"description":""}},"tags":["User"]}},"/get-master-data":{"get":{"operationId":"get-master-data","summary":"Get Master Data","description":"Master Data","parameters":[],"responses":{"200":{"description":""}},"tags":["User"]}},"/diary-entries":{"get":{"operationId":"get-diary-entries","summary":"Get Diary Entries","description":"Diary Entires","parameters":[],"responses":{"200":{"description":""}},"tags":["User"]}},"/all-diary-entries":{"get":{"operationId":"all-diary-entries","summary":"Get All Diary Entries","description":"All Diary Entires","parameters":[{"name":"search_text","required":true,"in":"query","schema":{"type":"string"}},{"name":"ratings","required":true,"in":"query","schema":{"type":"string"}},{"name":"is_public","required":true,"in":"query","schema":{"type":"number"}},{"name":"page","required":true,"in":"query","schema":{"type":"number"}},{"name":"search_date_to","required":true,"in":"query","schema":{"format":"date-time","type":"string"}},{"name":"search_date_from","required":true,"in":"query","schema":{"format":"date-time","type":"string"}}],"responses":{"200":{"description":""}},"tags":["User"]}},"/get-entry-details":{"get":{"operationId":"get-entry-details","summary":"Get Entry Detail","description":"Entry Detail","parameters":[{"name":"entry_id","required":true,"in":"query","schema":{"type":"string"}}],"responses":{"200":{"description":""}},"tags":["User"]}},"/home-data/user-comments":{"get":{"operationId":"home-data/user-comments","summary":"Home Data / User Comments","description":"Home data / User comments","parameters":[],"responses":{"200":{"description":""}},"tags":["User"]}},"/home-graph/entries":{"get":{"operationId":"home-graph/entries","summary":"Home Graph / Entries","description":"Home graph / Entries","parameters":[],"responses":{"200":{"description":""}},"tags":["User"]}},"/get-ads/{pageName}":{"get":{"operationId":"get-ads/:pageName","summary":"Get Ads","description":"Get Ads by PageName","parameters":[],"responses":{"200":{"description":""}},"tags":["User"]}},"/get-profiles-main":{"get":{"operationId":"get-profiles-main","summary":"Get Profiles Main","description":"get profiles main","parameters":[],"responses":{"200":{"description":""}},"tags":["User"]}},"/update-tutorial-flag":{"post":{"operationId":"update-tutorial-flag","summary":"Update Tutorial Flag","description":"update tutorial flag","parameters":[],"responses":{"201":{"description":""}},"tags":["User"]}},"/biometric-login":{"post":{"operationId":"biometric-login","summary":"Biometric Login","description":"biometric login","parameters":[],"requestBody":{"required":true,"content":{"application/json":{"schema":{"$ref":"#/components/schemas/FingerPrintLoginCmd"}}}},"responses":{"201":{"description":""}},"tags":["User"]}},"/activate-account":{"post":{"operationId":"activate-account","summary":"Activate Account","description":"activate account","parameters":[],"requestBody":{"required":true,"content":{"application/json":{"schema":{"$ref":"#/components/schemas/ActivateAccountCmd"}}}},"responses":{"201":{"description":""}},"tags":["User"]}},"/deactivate-account":{"post":{"operationId":"deactivate-account","summary":"Deactivate Account","description":"deactivate account","parameters":[],"responses":{"201":{"description":""}},"tags":["User"]}},"/delete-account":{"post":{"operationId":"delete-account","summary":"Delete Account","description":"delete account","parameters":[],"responses":{"201":{"description":""}},"tags":["User"]}},"/report-reason":{"get":{"operationId":"report-reason","summary":"Report Reason","description":"report reason","parameters":[],"responses":{"200":{"description":""}},"tags":["User"]}},"/favourite-entries":{"get":{"operationId":"favourite-entries","summary":"Get Favourite Entries","description":"get favourite entries","parameters":[],"responses":{"200":{"description":""}},"tags":["User"]}},"/report-public-entries":{"post":{"operationId":"report-public-entries","summary":"Report Public Entries","description":"report public entries","parameters":[],"requestBody":{"required":true,"content":{"application/json":{"schema":{"$ref":"#/components/schemas/ReportPublicEntryCmd"}}}},"responses":{"201":{"description":""}},"tags":["User"]}},"/report-questions":{"post":{"operationId":"report-questions","summary":"Report Questions","description":"report questions","parameters":[],"requestBody":{"required":true,"content":{"application/json":{"schema":{"$ref":"#/components/schemas/ReportQuestionCmd"}}}},"responses":{"201":{"description":""}},"tags":["User"]}},"/add-community-question-comment":{"post":{"operationId":"add-community-question-comment","summary":"Add Community Question Comment","description":"add community question comment","parameters":[],"requestBody":{"required":true,"content":{"application/json":{"schema":{"$ref":"#/components/schemas/CommunityCommentCmd"}}}},"responses":{"201":{"description":""}},"tags":["User"]}},"/verify-2FA-code":{"post":{"operationId":"verify-2FA-code","summary":"Verify 2FA Code","description":"verify 2FA code","parameters":[],"requestBody":{"required":true,"content":{"application/json":{"schema":{"$ref":"#/components/schemas/TwoFACodeCmd"}}}},"responses":{"201":{"description":""}},"tags":["User"]}},"/report-spam":{"post":{"operationId":"report-spam","summary":"Report Spam","description":"report spam","parameters":[],"requestBody":{"required":true,"content":{"application/json":{"schema":{"$ref":"#/components/schemas/ReportSpamCmd"}}}},"responses":{"201":{"description":""}},"tags":["User"]}},"/report-video":{"post":{"operationId":"report-video","summary":"Get Report Video","description":"get report video","parameters":[],"responses":{"201":{"description":""}},"tags":["User"]}},"/get-consumption-methods":{"get":{"operationId":"get-consumption-methods","summary":"Consumption Methods","description":"Get Consumption Methods","parameters":[{"name":"category_id","required":true,"in":"query","schema":{"type":"string"}}],"responses":{"200":{"description":""}},"tags":["User"]}},"/get-activity-graph-data":{"get":{"operationId":"get-activity-graph-data","summary":"Activity Graph Data","description":"Get Activity Graph Data","parameters":[{"name":"activity_id","required":true,"in":"query","schema":{"type":"string"}},{"name":"month","required":true,"in":"query","schema":{"type":"number"}}],"responses":{"200":{"description":""}},"tags":["User"]}},"/get-effect-graph-data":{"get":{"operationId":"get-effect-graph-data","summary":"Effect Graph Data","description":"Get Effect Graph Data","parameters":[{"name":"effect_id","required":true,"in":"query","schema":{"type":"string"}},{"name":"month","required":true,"in":"query","schema":{"type":"number"}}],"responses":{"200":{"description":""}},"tags":["User"]}},"/get-symptom-graph-data":{"get":{"operationId":"get-symptom-graph-data","summary":"Symptom Graph Data","description":"Get Symptom Graph Data","parameters":[],"responses":{"200":{"description":""}},"tags":["User"]}},"/page/welcome":{"get":{"operationId":"getWelcomePage","summary":"Welcome text.","description":"Show Welcome text","parameters":[],"responses":{"200":{"description":""}},"tags":["Pages"]}},"/page/privacy-policy":{"get":{"operationId":"getPrivacyPolicyPage","summary":"Privacy text.","description":"Show Privacy text","parameters":[],"responses":{"200":{"description":""}},"tags":["Pages"]}},"/page/about-us":{"get":{"operationId":"getAboutUsPage","summary":"Show About Us text.","description":"Show About Us text","parameters":[],"responses":{"200":{"description":""}},"tags":["Pages"]}},"/page/terms":{"get":{"operationId":"getTermsPage","summary":"Show terms text.","description":"Show terms text","parameters":[],"responses":{"200":{"description":""}},"tags":["Pages"]}},"/page/{slug}":{"get":{"operationId":"getSlugPage","summary":"Show page text.","description":"Show pages using slug parameter","parameters":[],"responses":{"200":{"description":""}},"tags":["Pages"]}},"/public-entries/block":{"post":{"operationId":"block","summary":"Create block.","description":"Create block.","parameters":[],"requestBody":{"required":true,"content":{"application/json":{"schema":{"$ref":"#/components/schemas/BlockPublicEntryCmd"}}}},"responses":{"201":{"description":""}},"tags":["Public Entries"]},"get":{"operationId":"block","summary":"Get Block.","description":"Get Block.","parameters":[],"responses":{"200":{"description":""}},"tags":["Public Entries"]}},"/public-entries":{"get":{"operationId":"/","summary":"Get list public entries","description":"Get list public entries","parameters":[{"name":"search_text","required":true,"in":"query","schema":{"type":"string"}},{"name":"is_public","required":true,"in":"query","schema":{"type":"number"}},{"name":"user","required":true,"in":"query","schema":{"type":"string"}},{"name":"product","required":true,"in":"query","schema":{"type":"string"}},{"name":"ratings","required":true,"in":"query","schema":{"type":"number"}},{"name":"page","required":true,"in":"query","schema":{"type":"number"}},{"name":"search_date_from","required":true,"in":"query","schema":{"format":"date-time","type":"string"}},{"name":"search_date_to","required":true,"in":"query","schema":{"format":"date-time","type":"string"}}],"responses":{"200":{"description":""}},"tags":["Public Entries"]}},"/public-entries/unblock":{"post":{"operationId":"unblock","summary":"Unblock.","description":"Unblock","parameters":[],"requestBody":{"required":true,"content":{"application/json":{"schema":{"$ref":"#/components/schemas/BlockPublicEntryCmd"}}}},"responses":{"201":{"description":""}},"tags":["Public Entries"]}},"/admin/login":{"post":{"operationId":"login","summary":"Admin Login","description":"admin login","parameters":[],"requestBody":{"required":true,"content":{"application/json":{"schema":{"$ref":"#/components/schemas/LoginCmd"}}}},"responses":{"201":{"description":""}},"tags":["Admin"]}},"/admin/verify-otp":{"post":{"operationId":"verify otp","summary":"Verify OTP","description":"verify otp","parameters":[],"requestBody":{"required":true,"content":{"application/json":{"schema":{"$ref":"#/components/schemas/VerifyOTPCmd"}}}},"responses":{"201":{"description":""}},"tags":["Admin"]}},"/admin/resend-otp":{"post":{"operationId":"Resend OTP","summary":"Resend OTP","description":"Resend OTP","parameters":[],"requestBody":{"required":true,"content":{"application/json":{"schema":{"$ref":"#/components/schemas/ResendOTPCmd"}}}},"responses":{"201":{"description":""}},"tags":["Admin"]}},"/admin/forgot-password":{"post":{"operationId":"Forgot Password","summary":"Forgot Password","description":"Forgot Password","parameters":[],"requestBody":{"required":true,"content":{"application/json":{"schema":{"$ref":"#/components/schemas/ForgotPasswordCmd"}}}},"responses":{"201":{"description":""}},"tags":["Admin"]}},"/admin/dashboard":{"get":{"operationId":"dashboard","summary":"Admin Dashboard","description":"admin dashboard","parameters":[],"responses":{"200":{"description":""}},"tags":["Admin"]}},"/admin/subadminlist":{"get":{"operationId":"subadminlist- pending","summary":"Get subadminlist","description":"get subadminlist","parameters":[],"responses":{"200":{"description":""}},"tags":["Admin"]}},"/admin/userlist":{"get":{"operationId":"user list- pending","summary":"Get user list","description":"get user list","parameters":[],"responses":{"200":{"description":""}},"tags":["Admin"]}},"/admin/subadminlist/update/{id}":{"get":{"operationId":"subadminlist/update/:id","summary":"Subadminlist Update info","description":"subadminlist update info","parameters":[],"responses":{"200":{"description":""}},"tags":["Admin"]}},"/admin/subadminlist/block-unblock/{id}":{"put":{"operationId":"subadminlist/block-unblock/:id","summary":"Subadminlist block-unblock","description":"subadminlist block-unblock","parameters":[],"responses":{"200":{"description":""}},"tags":["Admin"]}},"/admin/subadminlist/delete/{id}":{"put":{"operationId":"subadminlist/delete/:id","summary":"Subadminlist Delete","description":"subadminlist delete","parameters":[],"responses":{"200":{"description":""}},"tags":["Admin"]}},"/admin/banner-advertisement/update/{id}":{"get":{"operationId":"/banner-advertisement/update/:id","summary":"Banner Advertisement Update Info","description":"Banner Advertisement Update Info","parameters":[],"responses":{"200":{"description":""}},"tags":["Admin"]}},"/admin/country/update/{id}":{"get":{"operationId":"country/update/:id","summary":"Update Country Info","description":"update country info","parameters":[],"responses":{"200":{"description":""}},"tags":["Admin"]}},"/admin/country/delete/{id}":{"put":{"operationId":"country/delete/:id","summary":"Delete Country","description":"delete country","parameters":[],"responses":{"200":{"description":""}},"tags":["Admin"]}},"/admin/states/update/{id}":{"get":{"operationId":"states/update/:id","summary":"Update State Info","description":"update state info","parameters":[],"responses":{"200":{"description":""}},"tags":["Admin"]}},"/admin/states/delete/{id}":{"put":{"operationId":"states/delete/:id","summary":"Delete State","description":"delete state","parameters":[],"responses":{"200":{"description":""}},"tags":["Admin"]}},"/admin/consumption-frequency/update/{id}":{"get":{"operationId":"/consumption-frequency/update/:id","summary":"Update Consumption Frequency Info","description":"Update Consumption Frequency Info","parameters":[],"responses":{"200":{"description":""}},"tags":["Admin"]}},"/admin/consumption-frequency/delete/{id}":{"put":{"operationId":"/consumption-frequency/delete/:id","summary":"Delete Consumption Frequency Info","description":"Update Consumption Frequency Info","parameters":[],"responses":{"200":{"description":""}},"tags":["Admin"]}},"/admin/consumption-reason/update/{id}":{"get":{"operationId":"/consumption-reason/update/:id","summary":"Update Consumption Reason Info","description":"Update Consumption Reason Info","parameters":[],"responses":{"200":{"description":""}},"tags":["Admin"]}},"/admin/consumption-reason/delete/{id}":{"put":{"operationId":"/consumption-reason/delete/:id","summary":"Delete Consumption Reason Info","description":"Update Consumption Reason Info","parameters":[],"responses":{"200":{"description":""}},"tags":["Admin"]}},"/admin/settings/my-entourage":{"get":{"operationId":"settings/my-entourage","summary":"Settings My-Entourage Info","description":"Settings My-Entourage Info","parameters":[],"responses":{"200":{"description":""}},"tags":["Admin"]}},"/partner-support":{"post":{"operationId":"create","summary":"Partner Support.","description":"Send a support questions","parameters":[],"responses":{"201":{"description":""}},"tags":["Partner's"]}},"/home-data/{userId}":{"get":{"operationId":"get","summary":"Home Data.","description":"Get Home Data","parameters":[],"responses":{"200":{"description":""}},"tags":["Partner's"]}},"/get-profiles-purpose":{"get":{"operationId":"get-profiles-purpose","summary":"Profiles Purpose.","description":"Get Profiles Purpose","parameters":[],"responses":{"200":{"description":""}},"tags":["Partner's"]}},"/get-entries-info/{entryId}/{userId}":{"get":{"operationId":"get-entries-info/:entryId/:userId","summary":"Get Entries Info","description":"Entries Info","parameters":[],"responses":{"200":{"description":""}},"tags":["Partner's"]}},"/partner-login":{"post":{"operationId":"partner-login","summary":"Login for partner.","description":"Login for partner.","parameters":[],"responses":{"201":{"description":""}},"tags":["Partner's"]}},"/partner-forgot-password":{"post":{"operationId":"partner-forgot-password","summary":"Forgot password for partner.","description":"Forgot password for partner.","parameters":[],"responses":{"201":{"description":""}},"tags":["Partner's"]}},"/partner-reset-password":{"post":{"operationId":"partner-reset-password","summary":"Reset password for partner.","description":"Reset password for partner.","parameters":[],"responses":{"201":{"description":""}},"tags":["Partner's"]}},"/partner-signup":{"post":{"operationId":"partner-signup","summary":"Create a partner.","description":"Create a partner.","parameters":[],"requestBody":{"required":true,"content":{"application/json":{"schema":{"$ref":"#/components/schemas/PartnerSignupCmd"}}}},"responses":{"201":{"description":""}},"tags":["Partner's"]}},"/partner-logout/{token}":{"post":{"operationId":"partner-logout/:token","summary":"Create token when logout.","description":"Create token when logout.","parameters":[{"name":"token","required":true,"in":"path","schema":{"type":"string"}}],"responses":{"201":{"description":""}},"tags":["Partner's"]}},"/get-profiles-demographics":{"get":{"operationId":"get-profiles-demographics","summary":"Get Profile Demographics","description":"Profile Demographics","parameters":[],"responses":{"200":{"description":""}},"tags":["Partner's"]}},"/get-entries-filter":{"get":{"operationId":"get-entries-filter","summary":"Get Entries Filter","description":"Entries Filter","parameters":[],"responses":{"200":{"description":""}},"tags":["Partner's"]}},"/delete-user":{"post":{"operationId":"delete-user","summary":"Delete User","description":"Delete User","parameters":[],"responses":{"201":{"description":""}},"tags":["Partner's"]}},"/edit-user":{"get":{"operationId":"edit-user","summary":"Edit User","description":"Edit User","parameters":[],"responses":{"200":{"description":""}},"tags":["Partner's"]}},"/get-entries":{"get":{"operationId":"get-entries","summary":"Get Entries","description":"Entries","parameters":[],"responses":{"200":{"description":""}},"tags":["Partner's"]}},"/get-user-list":{"get":{"operationId":"get-user-list","summary":"Get User List","description":"User List","parameters":[],"responses":{"200":{"description":""}},"tags":["Partner's"]}},"/get-objectives-entries":{"get":{"operationId":"get-objectives-entries","summary":"Get Objectives Entries","description":"Objective Entries","parameters":[],"responses":{"200":{"description":""}},"tags":["Partner's"]}},"/get-objectives-reason":{"get":{"operationId":"get-objectives-reason","summary":"Get Objectives Reason","description":"Objective Reason","parameters":[],"responses":{"200":{"description":""}},"tags":["Partner's"]}},"/get-ratingandreviews-comments":{"get":{"operationId":"get-ratingandreviews-comments","summary":"Get Rating and Reviews Comments","description":"Rating and Reviews Comments","parameters":[],"responses":{"200":{"description":""}},"tags":["Partner's"]}},"/get-advertisement-info":{"get":{"operationId":"get-advertisement-info","summary":"Get Advertisement Info","description":"Advertisement Info","parameters":[],"responses":{"200":{"description":""}},"tags":["Partner's"]}},"/get-top-brands":{"get":{"operationId":"get-top-brands","summary":"Get Top Brands","description":"Top Brands","parameters":[],"responses":{"200":{"description":""}},"tags":["Partner's"]}},"/get-consumers":{"get":{"operationId":"get-consumers","summary":"Get Consumers","description":"Consumers","parameters":[],"responses":{"200":{"description":""}},"tags":["Partner's"]}},"/publish-ads":{"post":{"operationId":"publish-ads","summary":"Publish Ads","description":"Publish Ads","parameters":[],"responses":{"201":{"description":""}},"tags":["Partner's"]}},"/update-campaign":{"put":{"operationId":"update-campaign","summary":"Update Campaign","description":"Update Campaign","parameters":[],"responses":{"200":{"description":""}},"tags":["Partner's"]}},"/get-setting-detail":{"get":{"operationId":"get-setting-detail","summary":"Get Setting Detail","description":"Setting Detail","parameters":[{"name":"id","required":true,"in":"query","schema":{"type":"string"}}],"responses":{"200":{"description":""}},"tags":["Partner's"]}},"/update-setting-detail":{"post":{"operationId":"update-setting-detail","summary":"Update Setting Detail","description":"Setting Detail","parameters":[{"name":"id","required":true,"in":"query","schema":{"type":"string"}}],"requestBody":{"required":true,"content":{"application/json":{"schema":{"$ref":"#/components/schemas/PartnerUpdateSettingCmd"}}}},"responses":{"201":{"description":""}},"tags":["Partner's"]}},"/add-user":{"post":{"operationId":"add-user","summary":"Add User","description":"Add User","parameters":[],"requestBody":{"required":true,"content":{"application/json":{"schema":{"$ref":"#/components/schemas/PartnerSignupCmd"}}}},"responses":{"201":{"description":""}},"tags":["Partner's"]}},"/update-user":{"post":{"operationId":"update-user","summary":"Update User","description":"Update User","parameters":[{"name":"id","required":true,"in":"query","schema":{"type":"string"}}],"requestBody":{"required":true,"content":{"application/json":{"schema":{"$ref":"#/components/schemas/PartnerSignupCmd"}}}},"responses":{"201":{"description":""}},"tags":["Partner's"]}},"/start-campaign":{"post":{"operationId":"start-campaign","summary":"Start Campaign","description":"Start Campaign","parameters":[],"responses":{"201":{"description":""}},"tags":["Partner's"]}},"/get-campaigns":{"get":{"operationId":"get-campaigns","summary":"Get Campaign","description":"Get Campaign","parameters":[],"responses":{"200":{"description":""}},"tags":["Partner's"]}},"/view-campaign/{campaignId}":{"get":{"operationId":"view-campaigns","summary":"View Campaign","description":"View Campaign","parameters":[],"responses":{"200":{"description":""}},"tags":["Partner's"]}},"/tcd-updates":{"get":{"operationId":"tcd-updates","summary":"Get TCD Updates","description":"TCD Updates","parameters":[],"responses":{"200":{"description":""}},"tags":["Partner's"]}},"/tcd-updates/{id}":{"get":{"operationId":"tcd-updates","summary":"Get TCD Updates","description":"TCD Updates","parameters":[{"name":"id","required":true,"in":"path","schema":{"type":"string"}}],"responses":{"200":{"description":""}},"tags":["Partner's"]}},"/get-top-products":{"get":{"operationId":"get-top-products","summary":"Get Top Products","description":"Top Products","parameters":[{"name":"page","required":true,"in":"query","schema":{"type":"number"}},{"name":"perPageRecord","required":true,"in":"query","schema":{"type":"number"}},{"name":"from","required":true,"in":"query","schema":{"format":"date-time","type":"string"}},{"name":"to","required":true,"in":"query","schema":{"format":"date-time","type":"string"}}],"responses":{"200":{"description":""}},"tags":["Partner's"]}},"/get-top-activities":{"get":{"operationId":"get-top-activities","summary":"Get Top Activities","description":"Top Activities","parameters":[],"responses":{"200":{"description":""}},"tags":["Partner's"]}},"/get-products-info":{"get":{"operationId":"get-products-info","summary":"Get  Products Info","description":" Products Info","parameters":[{"name":"id","required":true,"in":"query","schema":{"type":"string"}}],"responses":{"200":{"description":""}},"tags":["Partner's"]}},"/get-product-filter":{"get":{"operationId":"get-product-filter","summary":"Get Products Filter","description":"Products Filter","parameters":[{"name":"page","required":true,"in":"query","schema":{"type":"number"}},{"name":"perPageRecord","required":true,"in":"query","schema":{"type":"number"}},{"name":"searchValue","required":true,"in":"query","schema":{"type":"string"}},{"name":"id","required":true,"in":"query","schema":{"type":"string"}}],"responses":{"200":{"description":""}},"tags":["Partner's"]}},"/get-top-categories":{"get":{"operationId":"get-top-categories","summary":"Get Top Categories","description":"Top Categories","parameters":[{"name":"from","required":true,"in":"query","schema":{"format":"date-time","type":"string"}},{"name":"to","required":true,"in":"query","schema":{"format":"date-time","type":"string"}}],"responses":{"200":{"description":""}},"tags":["Partner's"]}},"/get-top-effects":{"get":{"operationId":"get-top-effects","summary":"Get Top Effects","description":"Top Effects","parameters":[{"name":"from","required":true,"in":"query","schema":{"format":"date-time","type":"string"}},{"name":"to","required":true,"in":"query","schema":{"format":"date-time","type":"string"}}],"responses":{"200":{"description":""}},"tags":["Partner's"]}},"/get-top-symptoms":{"get":{"operationId":"get-top-symptoms","summary":"Get Top Symptoms","description":"Top Symptoms","parameters":[{"name":"from","required":true,"in":"query","schema":{"format":"date-time","type":"string"}},{"name":"to","required":true,"in":"query","schema":{"format":"date-time","type":"string"}}],"responses":{"200":{"description":""}},"tags":["Partner's"]}},"/get-partner-entry-details/{entryId}":{"get":{"operationId":"get-partner-entry-details","summary":"Get Partner Details","description":"Get Partner Details","parameters":[],"responses":{"200":{"description":""}},"tags":["Partner's"]}},"/get-categories":{"get":{"operationId":"get-categories","summary":"Get Categories","description":"Get Categories","parameters":[],"responses":{"200":{"description":""}},"tags":["Partner's"]}},"/get-objectives-main":{"get":{"operationId":"get-objectives-main","summary":"Get Objectives Main","description":"Get Objectives Main","parameters":[],"responses":{"200":{"description":""}},"tags":["Partner's"]}},"/get-top-conditions":{"get":{"operationId":"get-top-conditions","summary":"Get Top Conditions","description":"Top Conditions","parameters":[{"name":"from","required":true,"in":"query","schema":{"format":"date-time","type":"string"}},{"name":"to","required":true,"in":"query","schema":{"format":"date-time","type":"string"}}],"responses":{"200":{"description":""}},"tags":["Partner's"]}},"/get-products":{"get":{"operationId":"get-products","summary":"Get Products","description":"Get Products","parameters":[],"responses":{"200":{"description":""}},"tags":["Partner's"]}},"/get-product-types":{"get":{"operationId":"get-product-types","summary":"Get Product Types","description":"Get Product Types","parameters":[],"responses":{"200":{"description":""}},"tags":["Partner's"]}},"/create-new-ad/{advertisementId}":{"get":{"operationId":"create-new-ad","summary":" View Advertisement","description":"View Advertisement","parameters":[{"name":"advertisementId","required":true,"in":"path","schema":{"type":"string"}}],"responses":{"200":{"description":""}},"tags":["Partner's"]}},"/update-ads/{advertisementId}":{"put":{"operationId":"update-ads","summary":"Update Ads","description":"Update Ads","parameters":[{"name":"advertisementId","required":true,"in":"path","schema":{"type":"string"}}],"responses":{"200":{"description":""}},"tags":["Partner's"]}}},"info":{"title":"TCD","description":"AWS API Gateway proxied","version":"1.0","contact":{}},"tags":[],"servers":[],"components":{"securitySchemes":{"Azure":{"scheme":"bearer","bearerFormat":"JWT","type":"http"},"cookie":{"type":"apiKey","in":"cookie","name":"auth"}},"schemas":{"SignupCmd":{"type":"object","properties":{"email":{"type":"string"},"password":{"type":"string"},"dob":{"format":"date-time","type":"string"},"state":{"type":"number"},"country":{"type":"number"},"contact_no":{"type":"number"},"activity_level":{"type":"number"},"full_name":{"type":"string"},"gender":{"type":"string"},"device_type":{"type":"number"},"zipcode":{"type":"number"},"device_push_key":{"type":"string"},"device_id":{"type":"string"},"cannabis_consumption":{"type":"string"},"consumption_reason":{"type":"string"},"physique":{"type":"string"},"height":{"type":"string"},"height_scale":{"type":"string"},"weight":{"type":"string"},"weight_scale":{"type":"string"},"symptoms":{"type":"array","items":{"type":"string"}},"effects":{"type":"array","items":{"type":"string"}},"activities":{"type":"array","items":{"type":"string"}},"conditions":{"type":"array","items":{"type":"string"}},"favourite_strains":{"type":"string"},"cannabinoids":{"type":"array","items":{"type":"string"}}},"required":["email","password","dob","state","country","contact_no","activity_level","full_name","gender","device_type","zipcode","device_push_key","device_id","cannabis_consumption","consumption_reason","physique","height","height_scale","weight","weight_scale","symptoms","effects","activities","conditions","favourite_strains","cannabinoids"]},"LoginCmd":{"type":"object","properties":{"email":{"type":"string"},"password":{"type":"string"}},"required":["email","password"]},"ContactCmd":{"type":"object","properties":{"email":{"type":"string"},"topic":{"type":"string"},"issue":{"type":"string"}},"required":["email","topic","issue"]},"MarkFavouriteVideoCmd":{"type":"object","properties":{"video_id":{"type":"string"},"is_favourite":{"type":"number"}},"required":["video_id","is_favourite"]},"AddVideoCommentCmd":{"type":"object","properties":{"video_id":{"type":"string"},"comment":{"type":"string"}},"required":["video_id","comment"]},"CommunityQuestionCmd":{"type":"object","properties":{"question":{"type":"string"},"category_id":{"type":"string"}},"required":["question","category_id"]},"MarkFavouriteCommunityQuestionCmd":{"type":"object","properties":{"question_id":{"type":"string"},"is_favourite":{"type":"number"}},"required":["question_id","is_favourite"]},"MarkPublicEntryCmd":{"type":"object","properties":{"entry_id":{"type":"string"},"is_public":{"type":"number"}},"required":["entry_id","is_public"]},"MarkFavouriteEntryCmd":{"type":"object","properties":{"entry_id":{"type":"string"},"is_favourite":{"type":"number"}},"required":["entry_id","is_favourite"]},"ReviewEntryCmd":{"type":"object","properties":{"entry_id":{"type":"string"},"ratings":{"type":"number"}},"required":["entry_id","ratings"]},"UpdateSettingsCmd":{"type":"object","properties":{"is_on":{"type":"number"},"reminder_interval":{"type":"number"},"twoFA_is_on":{"type":"number"},"get_tcd_update":{"type":"number"}},"required":["is_on","reminder_interval","twoFA_is_on","get_tcd_update"]},"CreateProductCmd":{"type":"object","properties":{"name":{"type":"string"},"product_type":{"type":"string"},"weight":{"type":"string"},"strain":{"type":"string"},"COA_identifier":{"type":"string"},"description":{"type":"string"},"chemical_compounds":{"type":"object"}},"required":["name","product_type","weight","strain","COA_identifier","description","chemical_compounds"]},"AddEntryCommentCmd":{"type":"object","properties":{"entry_id":{"type":"string"},"comment":{"type":"string"}},"required":["entry_id","comment"]},"FingerPrintLoginCmd":{"type":"object","properties":{"device_id":{"type":"string"},"device_type":{"type":"number"},"device_push_key":{"type":"string"}},"required":["device_id","device_type","device_push_key"]},"ActivateAccountCmd":{"type":"object","properties":{"email":{"type":"string"}},"required":["email"]},"ReportPublicEntryCmd":{"type":"object","properties":{"entry_id":{"type":"string"},"comment":{"type":"string"},"reason_id":{"type":"string"}},"required":["entry_id","comment","reason_id"]},"ReportQuestionCmd":{"type":"object","properties":{"question_id":{"type":"string"},"comment":{"type":"string"},"reason_id":{"type":"string"}},"required":["question_id","comment","reason_id"]},"CommunityCommentCmd":{"type":"object","properties":{"question_id":{"type":"string"},"comment":{"type":"string"}},"required":["question_id","comment"]},"TwoFACodeCmd":{"type":"object","properties":{"twoFA_code":{"type":"string"}},"required":["twoFA_code"]},"ReportSpamCmd":{"type":"object","properties":{"video_id":{"type":"string"},"comment_id":{"type":"string"},"reason_id":{"type":"string"}},"required":["video_id","comment_id","reason_id"]},"BlockPublicEntryCmd":{"type":"object","properties":{"user_id":{"type":"string"}},"required":["user_id"]},"VerifyOTPCmd":{"type":"object","properties":{"email":{"type":"string"},"otp_code":{"type":"string"}},"required":["email","otp_code"]},"ResendOTPCmd":{"type":"object","properties":{"email":{"type":"string"}},"required":["email"]},"ForgotPasswordCmd":{"type":"object","properties":{"email":{"type":"string"}},"required":["email"]},"PartnerSignupCmd":{"type":"object","properties":{"email":{"type":"string"},"password":{"type":"string"},"full_name":{"type":"string"}},"required":["email","password","full_name"]},"PartnerUpdateSettingCmd":{"type":"object","properties":{"full_name":{"type":"string"},"email":{"type":"string"},"password":{"type":"string"},"company_name":{"type":"string"},"company_email":{"type":"string"},"company_phone":{"type":"number"},"company_email_invoice":{"type":"string"},"company_address":{"type":"string"},"company_zipcode":{"type":"number"},"company_state":{"type":"string"},"company_country":{"type":"string"}},"required":["full_name","email","password","company_name","company_email","company_phone","company_email_invoice","company_address","company_zipcode","company_state","company_country"]}}}}